CO2001-00929 CO2002-00124;1/20/20;1/20/21
CO2002-01435 CO2009-00361;2/28/20;2/28/21
CO2005-00016 CO2010-00509;;3/31/21
CO2004-00377 CO2011-01053;4/10/20;4/9/21
CO2006-01945 CO2008-00126;4/22/20;4/21/21
CO2003-00001 CO2010-01003;;6/5/21
CO2012-00507 CO2003-00963;;6/18/21
CO2007-01413 CO2101-00759;8/5/20;8/5/21
CO1807-0170 CO1811-3065 CMEY-180112;8/30/18;8/30/21
CO2007-00311 CO2008-00759 CO2008-00726;8/27/20;9/10/21
CO2009-01265 CO2101-00804;9/24/20;9/23/21
CO2009-01063 CO2102-00767;10/1/20;9/30/21
CO2102-00585 CO2102-00586;12/16/20;12/15/21
CO2012-02252 CO2011-01189;1/5/21;1/16/22
CO2001-00615 CO2002-00898;1/22/21;1/21/22
CO2101-00491 CO2102-00801;2/1/21;1/31/22
CO1902-6296 CO2006-01255;;3/18/22
CO1909-02078 CO1911-01191;;10/25/22
CO1911-00908;12/2/19;12/2/22
CO1912-01148;12/26/19;12/26/22
CO1911-01487;2/4/20;2/4/23
CO2001-00419;2/21/20;2/21/23
CO2004-00273;4/24/20;4/24/23
CO2003-00090;5/1/20;4/30/23
CO2005-00403;5/18/20;5/18/23
CO2005-00144;5/20/20;5/20/23
CO2101-01144;6/1/20;5/30/23
CO2012-02130;6/1/20;5/31/23
CO2004-00118;6/1/20;5/31/23
CO2006-01030;6/15/20;6/15/23
CO2003-00778 CO2101-00507;;6/16/23
CO2006-00489 CO2012-00321;;6/30/23
CO2007-00132;7/6/20;7/6/23
CO2007-00399;7/13/20;7/12/23
CO2004-00273;8/1/20;7/31/23
CO2008-00685;9/1/20;8/31/23
CO2009-00581;10/1/20;9/30/23
CO2012-00400;10/4/20;10/3/23
CO2009-01682;10/30/20;10/29/23
CO2010-01107;11/1/20;10/31/23
CO2010-01536;11/5/20;11/5/23
CO2011-00962;12/1/20;11/30/23
CO2012-00704;12/15/20;12/15/23
CO2101-01688;2/1/21;1/31/24
CO1902-5852;2/1/19;2/1/24
CO2102-00584;2/16/21;2/15/24
CO2102-00041;3/3/21;3/2/24
CO2102-00214;2/12/21;2/12/24
CO2102-01032;3/1/21;2/28/22
CO2009-00343;9/8/20;9/7/21
CO2102-00119;3/8/21;9/7/21
CO2103-00272;3/6/21;3/5/22