FW66-2M;AR200101011266
DGS-1005D;AR200403050017
808510;AR200410120031
USB-AMAF5/5PK;AR200504200010
DI-524;AR200509120016
DKVM-2KU;AR200509140009
VGPE-MBCC01;AR200708140067
UG076E;AR200801020006
F3U133B06;AR200805120016
MB572Z/A;AR200812090050
AS615AA;AR201003260003
NZ375AA;AR201004010006
MA694G/A;AR201004140023
45-243-026;AR201005030034
C11CB04001;AR201005190023
15402;AR201005280026
MC184F/A;AR201006090009
MC556Z/A;AR201006090013
MA591G/B;AR201006090014
PLAY5EU1BLK;AR201006250004
C11CA69305;AR201009230076
DHP-W306AV;AR201009290138
MC380Z/A;AR201010140003
MC360ZM/A;AR201010150035
DGS-1210-10P;AR201010210093
QPINK;AR201101070070
MC940ZM/A;AR201104040076
EL650USBFR;AR201105250054
BBH100-A1;AR201106030053
S601F-F02-2.5;AR201106290017
PLAY3EU1BLK;AR201108110084
910-002235;AR201109060148
MB570Z/A;AR201109260045
BLU_KITTY_PLUSH;AR201111090154
BEEBBZ251;AR201112010066
DGS-105;AR201201270033
DGS-108;AR201201270034
K39583EU;AR201205140076
WD20EFRX;AR201207110038
MC747Z/A;AR201207180037
MD463ZM/A;AR201208080008
MC461Z/A;AR201208280005
FAX2845;AR201208290090
MC414Z/A;AR201208290101
UK703E;AR201209110026
MD564ZM/A;AR201209120042
B4J92AA;AR201210230013
MD565Z/A;AR201210310062
MD821ZM/A;AR201210310063
MD825ZM/A;AR201210310065
MD826ZM/A;AR201210310066
9000343EK;AR201211060075
MD464ZM/A;AR201212060155
MD506Z/A;AR201301150081
MD827ZM/A;AR201301180133
5026-202;AR201302150020
MD818ZM/A;AR201302190063
MD592Z/A;AR201302190067
MD504ZM/A;AR201302250061
MD861ZM/A;AR201303260060
HTS721010A9E630;AR201304110061
TL-PA4015P;AR201304170012
CN625AE;AR201306180051
F8J023BT2M-WHT;AR201306200056
ME918Z/A;AR201307010045
DWA-171;AR201308230019
ME177Z/A;AR201309050007
CN622AE;AR201309050023
CN623AE;AR201309050024
CN624AE;AR201309050025
MD096F/A;AR201309200176
MD813ZM/A;AR201310020049
FQC-06941;AR201310100197
PLAY1EU1BLK;AR201310140089
E970SWN;AR201310170044
ME087F/A;AR201311080129
FQC-08290;AR201312110072
ME708ZM/A;AR201312170026
MF049ZM/A;AR201312170035
MF030ZM/A;AR201312170043
ME253F/A;AR201312200012
MF063ZM/A;AR201401200118
MF055ZM/A;AR201401200122
MF057ZM/A;AR201401200124
MF058ZM/A;AR201401200125
1SK109901000;AR201401270018
AMG1001-T10A-EU01V;AR201403110055
SSDMCEAW120A401;AR201403230014
MD711F/B;AR201405010002
MZ-7KE512BW;AR201407030022
GB38804;AR201409150004
MGAC2ZD/A;AR201409250007
GB40031;AR201410020005
HKAURAAPBLKEU;AR201410170065
MF886F/A;AR201410180037
MGNC2ZM/A;AR201410180045
MGNK2ZM/A;AR201410180046
MGTN2ZM/A;AR201410180048
MGTQ2ZM/A;AR201410180050
MGXL2ZM/A;AR201410180052
MGXN2ZM/A;AR201410180053
MGTR2ZM/A;AR201410180054
PAT-PF724001-B;AR201410230059
PAT-PF070071;AR201410230062
920-006542;AR201411280068
EM870AT;AR201502160046
MF839F/A;AR201503100089
MJVU2ZM/A;AR201503170091
MC.JKY11.007;AR201504010267
MJY32F/A;AR201504080056
MK4M2F/A;AR201504080058
C2P05AE;AR201504160017
C2P07AE;AR201504160018
MJ262Z/A;AR201505190149
MJ1M2ZM/A;AR201505190150
MK122Z/A;AR201505190151
MJLQ2F/A;AR201506040162
JBLGOORG;AR201506190026
JBLGOPINK;AR201506190028
MGQV2ZM/A;AR201506230003
MGQY2ZM/A;AR201506230004
MGQW2ZM/A;AR201506230007
MGQR2ZM/A;AR201506230008
MGXX2ZM/A;AR201506230011
MGRH2ZM/A;AR201506230014
MGRG2ZM/A;AR201506230020
MGXW2ZM/A;AR201506230021
MGRF2ZM/A;AR201506230022
MD837ZM/A;AR201506230023
J9979A;AR201506230084
MJ1L2ZM/A;AR201507080076
KW9-00145;AR201507240055
MD819ZM/A;AR201507290043
BOXNUC5CPYH;AR201508250033
MJ1K2ZM/A;AR201508310110
MKUG2ZD/A;AR201509110016
MKLW2ZM/A;AR201509130065
MKM12ZM/A;AR201509130069
MKM32ZM/A;AR201509130071
MKM52ZM/A;AR201509130073
MKLL2ZM/A;AR201509130075
MKLN2ZM/A;AR201509130077
MKLP2ZM/A;AR201509130078
MLD32ZM/A;AR201509130079
MLD42ZM/A;AR201509130080
MLD52ZM/A;AR201509130081
MLD72ZM/A;AR201509130083
MKX92ZM/A;AR201509130100
MKXD2ZM/A;AR201509130102
MKXE2ZM/A;AR201509130103
MKXL2ZM/A;AR201509130107
MKXQ2ZM/A;AR201509130111
ME291ZM/A;AR201509130122
T5D-02840;AR201509230211
SM2NGFFMBU33;AR201509290156
MK452FN/A;AR201510190006
MGY52FD/A;AR201510190019
MLFQ2ZM/A;AR201510190022
MLA02Z/A;AR201510190023
MJ2R2Z/A;AR201510190024
MLA22F/A;AR201510190025
MK0L2ZM/A;AR201510190026
MLJK2ZM/A;AR201510190027
MK0C2ZM/A;AR201510190030
MJYR2ZM/A;AR201510190031
C11CE62404;AR201510190104
801882-B21;AR201511020084
CF226X;AR201511020091
HKESQUIRE2GRY;AR201511040039
DPE-101GI;AR201511090018
G7U78AA;AR201511180029
CF411A;AR201512150111
CF412A;AR201512150112
CF413A;AR201512150113
DPE-301GI;AR201601220108
D9P29A;AR201602240006
PLW1000-100PES;AR201603030031
R9861510EU;AR201603080012
458075;AR201603180119
MJYT2ZM/A;AR201603230124
MK0W2ZM/A;AR201603280001
MKQ42ZM/A;AR201603280003
MM362ZM/A;AR201603280014
MMM32ZM/A;AR201603280015
MM692ZM/A;AR201603280020
MMHG2ZM/A;AR201603280022
MM2A2ZM/A;AR201603280024
MM2D2ZM/A;AR201603280026
MM2F2ZM/A;AR201603280028
MM2G2ZM/A;AR201603280029
MM2H2ZM/A;AR201603280030
MM2K2ZM/A;AR201603280032
MMG62ZM/A;AR201603280033
MMG72ZM/A;AR201603280034
MM202ZM/A;AR201603280036
MM222ZM/A;AR201603280038
MM232ZM/A;AR201603280039
MM242ZM/A;AR201603280040
MM252ZM/A;AR201603280041
MM262ZM/A;AR201603280042
MM272ZM/A;AR201603280043
MM282ZM/A;AR201603280044
MMG42ZM/A;AR201603280045
MMG52ZM/A;AR201603280046
MM2L2ZM/A;AR201603280047
CF410A;AR201605200026
CDP2DVI;AR201606290094
CF226A;AR201607250079
MLUN2ZM/A;AR201608110005
MMTN2ZM/A;AR201609120120
MMX62ZM/A;AR201609120122
XU2492HSU-B1;AR201609190121
HKGOPLAYMINIBLKEU;AR201609280015
HKONYXMINIWHTEU;AR201609280017
LE5540S-B1;AR201610100010
MLL42FN/A;AR201610280093
MLH12FN/A;AR201610280094
MLH32FN/A;AR201610280095
MMEL2ZM/A;AR201610310081
MLL82ZM/A;AR201610310082
C31CE94112;AR201611030081
ST500LM030;AR201611040053
PSM-12V-38-B;AR201611090170
CDP2HDMM1MB;AR201611180112
MDP2HDMI;AR201611180166
F2CU029BT1M-BLK;AR201612150042
F2CU030BT1M-BLK;AR201612150043
F2CU031BT1M-BLK;AR201612150044
F2CU037BTBLK;AR201612150048
THZ634GL;AR201701180019
USB3SAA3MBK;AR201701300096
USB3SAB10M;AR201701300117
TBLT3MM2MA;AR201701300143
H6Y88AA;AR201702220172
915000;AR201702280168
USB31000S;AR201702280246
DVIVGAMF;AR201702280309
HDDVIMF8IN;AR201702280338
HDMM1M;AR201702280347
MDP2DPMF6IN;AR201702280385
E0X95AA;AR201702280621
F8M747BT;AR201702281084
F2CU038BTBLK;AR201702281671
HDMM1MP;AR201702281716
C11CD08301;AR201703020022
77-53957;AR201703080148
OTSYMCLIP7P;AR201703080149
ACH114EU;AR201703100882
ML8V2ZM/A;AR201703101300
ML8W2ZM/A;AR201703101306
5SC1000I;AR201703210045
MQ4Q2ZM/A;AR201703230140
F8M990VFWHT;AR201703280319
F8M935BT06-BLK;AR201703280320
US1GC30W;AR201703300174
B11B234401BT;AR201704050104
910-005004;AR201704120055
DSL-3782;AR201704130302
JW046A;AR201704140079
TSS59404EU;AR201704190049
WDBU6Y0020BBK-WESN;AR201705110093
F2CU040BTBLK;AR201705230010
MNDY2FN/A;AR201706060030
MNEA2FN/A;AR201706060052
STFS2000800;AR201706060061
MNYF2FN/A;AR201706070027
MQD32FN/A;AR201706070093
MPTU2FN/A;AR201706070222
MQ052F/A;AR201706070356
MPQL2ZM/A;AR201706070367
MQ0V2ZM/A;AR201706070368
MQ0W2ZM/A;AR201706070369
MQ0X2ZM/A;AR201706070370
MPTL2F/A;AR201706070372
MPTL2LB/A;AR201706070373
MQ0Q2ZM/A;AR201706070374
MQ0T2ZM/A;AR201706070375
MQ0U2ZM/A;AR201706070376
MPU62ZM/A;AR201706070378
MPU12ZM/A;AR201706070381
MPU02ZM/A;AR201706070382
MPU82ZM/A;AR201706070384
MPU92ZM/A;AR201706070385
MPUA2ZM/A;AR201706070386
MPUD2ZM/A;AR201706070387
MPV62ZM/A;AR201706070388
MPV12ZM/A;AR201706070389
MQ0G2ZM/A;AR201706070396
MQ0H2ZM/A;AR201706070397
ZU33BKRN;AR201706200183
MNHF2ZM/A;AR201707100010
DAP-2610;AR201707210251
9551;AR201708180020
MLYE2ZM/A;AR201708230030
MLYF2ZM/A;AR201708230031
MP582ZM/A;AR201708230033
MNET2ZM/A;AR201708230034
Z9H59AT;AR201708230073
35607;AR201709080095
MQAF2ZD/A;AR201709130048
MQKK2ZD/A;AR201709180233
JW047A;AR201709220028
MR552ZM/A;AR201709260081
MR5D2ZM/A;AR201709260084
MR5G2ZM/A;AR201709260085
MR5L2ZM/A;AR201709260086
MQRX2ZM/A;AR201709260135
MQRW2ZM/A;AR201709260136
MQRY2ZM/A;AR201709260137
F8J212BTWHT;AR201710030154
DS118;AR201710170016
77-57237;AR201710170158
T4Z24AA;AR201710230040
TLS14UF;AR201711060009
SUREFIX535;AR201711140066
CT250MX500SSD1;AR201711210115
CT500MX500SSD1;AR201711210117
CT1000MX500SSD1;AR201711210118
CT2000MX500SSD1;AR201711210119
JBLPULSE3BLK;AR201712150117
JBLPULSE3WHT;AR201712150120
MZ-N6E500BW;AR201801060006
MZ-N6E250BW;AR201801060007
F8J144BT04-GRY;AR201801100048
F2CU052BT1M-BLK;AR201801170098
LIC-SME-3YR;AR201801220119
THZ676GL;AR201801240098
2319C006;AR201801250065
JW-4500;AR201801290127
DJITELLOAPR;AR201802130043
ST1000LM049;AR201802190107
920-008676;AR201802270087
F5Z0695;AR201803010103
F8W753EC;AR201803010110
TBT258EU;AR201803090138
4X40K09936;AR201803260089
AV10175BT2M-BLK;AR201804110014
F4U088VF;AR201804110035
CDP2MDPMM1MB;AR201804270050
USBAMB1MU;AR201804270078
CDE5510;AR201805040095
D9Y32ET;AR201805180061
MLDW2ZM/A;AR201805210035
MKLG2ZM/A;AR201805210037
NA-SN210;AR201806130031
NA-SN160;AR201806130032
JY706A;AR201806200138
J4859CST;AR201806280111
C31METALGLAN;AR201807020073
272B7QUPBEB/00;AR201807060061
MR9R2FN/A;AR201807190027
MR932FN/A;AR201807190029
920-002550;AR201807260028
MQUE2ZM/A;AR201808080019
F7W96AA;AR201808130088
1ME41AT;AR201809130153
MRWF2ZM/A;AR201809160008
MRWJ2ZM/A;AR201809160011
MRWQ2ZM/A;AR201809160017
MRWR2ZM/A;AR201809160018
MRWT2ZM/A;AR201809160019
MRWU2ZM/A;AR201809160020
MRWW2ZM/A;AR201809160022
MRWX2ZM/A;AR201809160023
MRWY2ZM/A;AR201809160024
MRX02ZM/A;AR201809160025
MRX12ZM/A;AR201809160026
MRX22ZM/A;AR201809160027
MRX32ZM/A;AR201809160028
MRX42ZM/A;AR201809160029
MRX52ZM/A;AR201809160030
MRX62ZM/A;AR201809160031
F8W899EC;AR201810080112
F5Z0718;AR201810080116
F8W900EC;AR201810080117
MRE82FN/A;AR201811020008
MRTR2FN/A;AR201811020015
MRTT2FN/A;AR201811020016
MUFG2ZM/A;AR201811020020
MU7E2ZM/A;AR201811020022
MTFL2NF/A;AR201811020025
MTXW2NF/A;AR201811020050
MRX72ZM/A;AR201811020061
MRX82ZM/A;AR201811020062
MRX92ZM/A;AR201811020063
MRXD2ZM/A;AR201811020064
MRXE2ZM/A;AR201811020066
MU8G2F/A;AR201811020071
MU8H2F/A;AR201811020072
MU8F2ZM/A;AR201811020073
N6N00AA;AR201811020083
C31METALDP60HZ;AR201811280093
F7U063BTBLK;AR201812030022
PA03770-B001;AR201812110011
2SC66ET;AR201812130041
XMTYPECDOCK;AR201901150027
R9861521EU;AR201902040071
STHG1000400;AR201903010009
STHG2000400;AR201903010011
MRT42FN/A;AR201903230009
MR8U2ZM/A;AR201903230011
MRXJ2ZM/A;AR201903230012
MV7N2ZM/A;AR201903230013
MRXR2ZM/A;AR201903230017
MRXL2ZM/A;AR201903230019
S7126ZM/A;AR201904120035
B2B165BT;AR201905030010
F8J239BT04-BLK;AR201905030013
F8J236BT10-BLK;AR201905030024
JD-0710FR-2;AR201905280068
2DH78AT;AR201906110095
920-009019;AR201907030124
MVFK2FN/A;AR201907120020
MVFM2FN/A;AR201907120022
HDMM5MP;AR201907230029
R3J22A;AR201908010121
MUF82ZM/A;AR201908120009
JBLFLIP5BLK;AR201908210042
JBLFLIP5BLU;AR201908210043
JBLFLIP5WHT;AR201908210044
JBLFLIP5RED;AR201908210045
STHG4000402;AR201908290023
65297757BA01A12;AR201908290096
910-005717;AR201909030039
STHR500800;AR201909100064
MWCC2ZD/A;AR201909100096
MWCG2ZD/A;AR201909100100
JBLPULSE4BLK;AR201909130170
MWYA2ZM/A;AR201909150004
MWYD2ZM/A;AR201909150006
MWYF2ZM/A;AR201909150008
MWYG2ZM/A;AR201909150009
MWYK2ZM/A;AR201909150012
MWYL2ZM/A;AR201909150013
MWYM2ZM/A;AR201909150014
MWYR2ZM/A;AR201909150018
MX032ZM/A;AR201909150026
MX0A2ZM/A;AR201909150029
MX0G2ZM/A;AR201909150034
MW762NF/A;AR201909150076
F8W933ZZ;AR201910020018
R2H28A;AR201910170018
M2E1BMU31C;AR201910240071
F7U096VFWHT;AR201911130081
F7U096VF04-WHT;AR201911130082
G3H0001BTWHT;AR201911150004
MVVJ2FN/A;AR201911190055
MVVL2FN/A;AR201911190058
MX0J2ZM/A;AR201911190060
MX0K2ZM/A;AR201911190065
MXLY2ZM/A;AR201911190066
THZ744GL;AR201912120072
3DX-700079;AR201912180011
K39105EU;AR202001090070
MWPE2FN/A;AR202001140034
MWUG2FN/A;AR202001140036
SDDDC3-256G-G46;AR202001270141
WMN-WM65RXEN;AR202002040066
CF226XD;AR202002060092
F8J198BTWHT;AR202002110032
Q9H62A;AR202002180055
27UL550-W;AR202002190033
ST-222-236JU-01;AR202003180013
MWTL2FN/A;AR202003190076
MXAT2NF/A;AR202003190079
MY2H2NF/A;AR202003200031
MX3L2F/A;AR202003230011
MXNL2F/A;AR202003230012
MXQT2F/A;AR202003230013
MXQU2F/A;AR202003230014
MXT32ZM/A;AR202003230015
MXT42ZM/A;AR202003230016
MXT52ZM/A;AR202003230017
MXT72ZM/A;AR202003230018
MXT82ZM/A;AR202003230019
MXT92ZM/A;AR202003230020
MXTA2ZM/A;AR202003230021
MXTD2ZM/A;AR202003230023
MXTF2ZM/A;AR202003230026
MY1U2ZM/A;AR202003230028
THZ67603GL;AR202004010974
THZ64303GL;AR202004010993
MQ562ZM/A;AR202004021162
MTEX2ZM/A;AR202004021238
MU-PC1T0T/WW;AR202004060026
DOCK430EUZ;AR202004070086
MXYJ2ZM/A;AR202004210019
MXYK2ZM/A;AR202004210020
MXK32FN/A;AR202005060071
TLC04UF-V2;AR202005130082
JL681A;AR202006180091
JL685A;AR202006180096
JL686A;AR202006180097
920-009625;AR202006190008
920-009554;AR202006260013
STHA14000800;AR202007070106
INC001BTBK;AR202007090028
CAA002BT1MBK;AR202007210080
CAA002BT1MWH;AR202007210081
CAA002BT2MWH;AR202007210083
CAA003BT1MBK;AR202007210084
CAA003BT1MWH;AR202007210085
CAA004BT1MBK;AR202007210086
CAA004BT1MWH;AR202007210087
CAA004BT2MBK;AR202007210088
CAA004BT2MWH;AR202007210089
CAB002BT1MBK;AR202007210094
CAB003BT2MBK;AR202007210100
WCA002VFWH;AR202007210116
WIA001VFBK;AR202007210123
WIA001VFWH;AR202007210124
WIB001VFBK;AR202007210125
WIB001VFWH;AR202007210126
WIC001BTBK;AR202007210127
WIZ002VFBK;AR202007210130
WIZ002VFWH;AR202007210131
R9861522EU;AR202007240034
MHK03FN/A;AR202008050068
WCH001VFWH;AR202008240018
JBLGO3GRN;AR202009090050
JBLGO3BLU;AR202009090052
JBLGO3BLK;AR202009090053
JBLGO3WHT;AR202009090054
JBLGO3RED;AR202009090056
JBLGO3PINK;AR202009090057
C11CH72401;AR202009150091
G1S0001VF-WHT;AR202009150096
MGX43ZM/A;AR202009160114
MY9Y2ZM/A;AR202009160142
MYA32ZM/A;AR202009160146
MYA52ZM/A;AR202009160148
MYAV2ZM/A;AR202009160161
MYEV2NF/A;AR202009160199
M00A3NF/A;AR202009160205
M06R3NF/A;AR202009160215
M09C3NF/A;AR202009160223
MYLA2NF/A;AR202009170023
MYFQ2NF/A;AR202009170060
MYFT2NF/A;AR202009170062
MYGW2NF/A;AR202009170067
MYH02NF/A;AR202009170076
DTX/32GB;AR202009220093
TS480GJDM825;AR202009220140
MX4U2ZM/A;AR202009280096
MGN03ZM/A;AR202010100002
MGMM3F/A;AR202010130201
MGMT3F/A;AR202010130206
MHL73ZM/A;AR202010140520
MHLM3ZM/A;AR202010140521
MHXH3ZM/A;AR202010140526
MHJE3ZM/A;AR202010150091
MU9F2ZM/A;AR202010220069
MY5G2F/A;AR202010220071
MY5H2F/A;AR202010220072
MGDY3F/A;AR202010300007
MGD93F/A;AR202010300023
MGDK3F/A;AR202010300032
MHK63ZM/A;AR202011020117
MHK73ZM/A;AR202011020118
MHK93ZM/A;AR202011020120
MHKA3ZM/A;AR202011020121
MHKN3ZM/A;AR202011020127
MHKP3ZM/A;AR202011020128
MHKQ3ZM/A;AR202011020129
MHKR3ZM/A;AR202011020130
MHKV3ZM/A;AR202011020132
MHKW3ZM/A;AR202011020133
MHLL3ZM/A;AR202011020144
MGN63FN/A;AR202011110002
MGN93FN/A;AR202011110004
MGND3FN/A;AR202011110006
MYD82FN/A;AR202011110008
MGNR3FN/A;AR202011110012
MGNT3FN/A;AR202011110013
MRW62ZM/A;AR202011120012
MX2E2ZM/A;AR202011120015
MX2F2ZM/A;AR202011120016
MX2J2ZM/A;AR202011120018
MXNK2F/A;AR202011120019
KIRIG-KEYS2-MINI;AR202011200049
MGYH3ZM/A;AR202012080118
MGYJ3ZM/A;AR202012080119
MGYL3ZM/A;AR202012080120
MGYM3ZM/A;AR202012080121
1202G-2USB-5BF;AR202012180093
QD-1038-S;AR202101070122
QD310240K;AR202101070137
QD-MP1521-TGPR;AR202101070185
QD103821K;AR202101070187
3D035F/A;AR202101070204
3D068F/A;AR202101070205
3E149NF/A;AR202101070216
3G356F/A;AR202101070223
3G931NF/A;AR202101070224
3H110ZM/A;AR202101070230
3H134F/A;AR202101070231
3H183NF/A;AR202101070232
3H185NF/A;AR202101070234
3H321F/A;AR202101070239
3H522F/A;AR202101070241
3H555F/A;AR202101070245
M8434G/A;AR202101070248
MD971ZM/A;AR202101070268
MH0D3ZM/A;AR202101070274
MJ4L2ZM/A;AR202101070278
MLDA2ZM/A;AR202101070284
MLDH2ZM/A;AR202101070285
MM2X2ZM/A;AR202101070291
MM3M2ZM/A;AR202101070292
MM3Q2ZM/A;AR202101070293
MN2P2ZM/A;AR202101070298
MQ4T2ZM/A;AR202101070326
MQ4U2ZM/A;AR202101070327
MQW32ZM/A;AR202101070346
MR5K2ZM/A;AR202101070353
MRGE2ZM/A;AR202101070360
MRGF2ZM/A;AR202101070361
MTFE2ZM/A;AR202101070382
MTFF2ZM/A;AR202101070383
MTP72ZM/A;AR202101070399
MTPL2ZM/A;AR202101070405
MVQN2ZM/A;AR202101070448
MX092ZM/A;AR202101070472
MX4X2ZM/A;AR202101070480
MX8C2ZM/A;AR202101070486
MXQW2ZM/A;AR202101070514
MY1H2ZM/A;AR202101070523
MC922AB-3M/N;AR202101070654
CHD-009;AR202101070667
TG15W-007;AR202101070675
K64490WW;AR202101070684
S/AP-IM28S2G;AR202101070727
S/AP-IM313S2G;AR202101070729
S/AP-IM313S4G;AR202101070730
S/AP-IM313S8G;AR202101070731
S/AP-IM316LS8G;AR202101070733
S/AP-IM316S4G;AR202101070734
S/AP-IM318LS8G;AR202101070735
S/AP-IM424S16G;AR202101070736
S/AP-IM424S8G;AR202101070737
S/AP-IM426S16G;AR202101070738
S/AP-IM426S8G;AR202101070740
S/AP-MB313S4G;AR202101070746
S/AP-MB316S8G;AR202101070748
S/AP-MB31S2G;AR202101070749
S/AP-MB31S4G;AR202101070750
S/AP-MP313F8G;AR202101070753
S/AP-IM318LS4G;AR202101070758
S/AP-MP318F8G;AR202101070759
CAA002BT3MBK;AR202101070767
CAA002BT3MWH;AR202101070768
F7U017BT;AR202101070771
F8J201BTSLV;AR202101070776
F8W781BTC00;AR202101070791
F8W809BTC02;AR202101070795
F8W868BTC01;AR202101070797
HDMI0017-2M;AR202101070805
WHW0102-EU;AR202101070843
PD15-BX1-EU;AR202101070903
77-61672;AR202101070932
77-62820;AR202101070937
77-63034;AR202101070942
77-63181;AR202101070946
100957;AR202101071081
MW-410110;AR202101071142
99MO021912;AR202101071178
99MO021918;AR202101071179
99MO023005;AR202101071182
99MO023108;AR202101071184
99MO033001;AR202101071188
99MO061001;AR202101071214
99MO072010;AR202101071238
99MO072532;AR202101071250
99MO080001;AR202101071268
99MO080021;AR202101071270
99MO080201;AR202101071271
99MO080251;AR202101071272
99MO080501;AR202101071277
99MO084203;AR202101071285
99MO084209;AR202101071288
99MO088521;AR202101071313
99MO102021;AR202101071338
99MO102023;AR202101071339
99MO103905;AR202101071350
INPH220561-BLK;AR202101071463
NU-DROP-IND-FB-NP;AR202101071608
GV157;AR202101071712
SET-2;AR202101071723
LP001-1;AR202101071742
MW-200019;AR202101071754
MW-200063-P;AR202101071762
MW-200118;AR202101071764
MW-410066;AR202101071796
MW-410077;AR202101071805
MW-410080;AR202101071807
MW-410103;AR202101071816
MW-200142;AR202101071845
NM21TR0000;AR202101071860
TP-OSMO-02/B;AR202101071879
ST-ALTSM;AR202101071895
ST-AMWKS-FR;AR202101071898
ST-CMAM;AR202101071900
ST-SALKPM;AR202101071905
ST-SCMA2M;AR202101071907
ST-TCENM;AR202101071910
ST-TCIMHS;AR202101071913
ST-TCMA2M;AR202101071914
ST-TCMPHM;AR202101071917
ST-TCUAM;AR202101071919
VCFLOWERBUD;AR202101071944
VCL3LED;AR202101071947
VCLS2LED2M;AR202101071948
VCPM5;AR202101071949
MMJY2ZM/A;AR202101071955
S6034ZM/A;AR202101140024
S6190ZM/A;AR202101140027
S6201ZM/A;AR202101140029
S6539ZM/A;AR202101140031
S6540ZM/A;AR202101140032
S8646ZM/A;AR202101140051
S8945ZM/A;AR202101140060
F3Y042BT;AR202101140078
910-005716;AR202101200055
LC27G55TQWRXEN;AR202101220199
WCA003VFWH;AR202101270116
WCA003VF04WH;AR202101270118
3C211F/A;AR202101280072
3C372F/A;AR202101280073
3F952F/A;AR202101280078
3F954F/A;AR202101280079
3H480F/A;AR202101280094
3H481F/A;AR202101280095
MH093ZM/A;AR202101280111
MH0A3ZM/A;AR202101280112
MHXF3ZM/A;AR202101280119
F2CD079BT;AR202101280181
FTP6-2S;AR202101280200
V10T80C1;AR202101280252
12-1223;AR202101280268
S/AP-MM426S8G;AR202101280365
99MO020986;AR202101280373
IHKFWTMCC;AR202101280420
77-65422;AR202101280438
ST-UCATCM;AR202101280481
ST-X3TWCPM;AR202101280482
ST-222-155JW01;AR202101280503
MY1Y2ZM/A;AR202101290113
CTUSBCFUSBAMAD;AR202102010116
JBLCHARGE5BLK;AR202102020083
JBLCHARGE5BLU;AR202102020084
JBLCHARGE5PINK;AR202102020088
JBLCHARGE5RED;AR202102020089
JBLCHARGE5WHT;AR202102020092
OVG002ZZBLK;AR202102120032
MW-410111;AR202102180078
MW-410112;AR202102180079
MW-410113;AR202102180080
809600101;AR202103220088
900606701;AR202103220089
900605801;AR202103220092
LF27T450FQRXEN;AR202104010032
U10N3E;AR202104130082
MXGY2FD/A;AR202104200075
MJQJ3F/A;AR202104200078
MJQK3F/A;AR202104200079
MJQL3F/A;AR202104200080
MHJ03ZM/A;AR202104200081
MK0V3ZM/A;AR202104200083
MK0W3ZM/A;AR202104200084
MK0X3ZM/A;AR202104200085
MK103ZM/A;AR202104200086
MX4A2ZM/A;AR202104200087
MX4F2ZM/A;AR202104200088
MX532ZM/A;AR202104200090
MX542ZM/A;AR202104200091
MJM73ZM/A;AR202104200097
MJM83ZM/A;AR202104200098
MJMA3ZM/A;AR202104200100
MJMH3ZM/A;AR202104200105
MJMJ3ZM/A;AR202104200107
MJMK3ZM/A;AR202104200108
MJML3ZM/A;AR202104200109
MHR43NF/A;AR202104200137
MGPC3FN/A;AR202104200157
MGPD3FN/A;AR202104200158
MGPK3FN/A;AR202104200161
MGPM3FN/A;AR202104200163
MGPN3FN/A;AR202104200164
MGTF3FN/A;AR202104200165
MJV83FN/A;AR202104210001
3H901NF/A;AR202104210006
MJFR3ZM/A;AR202104210037
MJFT3ZM/A;AR202104210038
MJFU3ZM/A;AR202104210039
MJFY3ZM/A;AR202104210042
MJK63ZM/A;AR202104210052
MJYW3ZM/A;AR202104210081
MJYX3ZM/A;AR202104210082
F8W973BTBLK;AR202105030036
F8W973BTWHT;AR202105030037
F8W974BTBLK;AR202105030038
BNUC11TNKI30002;AR202105030040
WIZ009VFWH;AR202105030085
WIZ010VFBK;AR202105030086
WIZ010VFWH;AR202105030087
920-010210;AR202105170093
920-010298;AR202105170094
AVC006BTSGY;AR202105190099
F8W973BTBLU;AR202106010066
F8W973BTPNK;AR202106010067
LH4342UHS-B3;AR202106080010
920-010394;AR202106210102
920-010395;AR202106210104
R3J18A;AR202106250039
MJWY3ZM/A;AR202107190108
QD-92161P33-CL;AR202107220024
QD-MS9216131P-LK;AR202107220035
QD-MS92161P31P-LK;AR202107220036
QD-MS9215431P-LR;AR202107220040
QD-MS9216131P-LR;AR202107220041
QD-MS9215431P-LP;AR202107220042
QD-MS9216131P-LP;AR202107220043
QD-CL9215421-FR;AR202107220049
QD-CL9216121-FR;AR202107220050
QD-CL92161P21-FR;AR202107220051
QD-CL9216721-FR;AR202107220052
MM093ZM/A;AR202107260306
WCA004VFWH;AR202107280037
MK293F/A;AR202108090037
MK2A3F/A;AR202108090038
MK2C3F/A;AR202108090039
MK2D3Z/A;AR202108090040
MK2E3Z/A;AR202108090041
MQGH2ZM/A;AR202108090042
R6P68A;AR202108170012
4X30M39469;AR202108260034
HB30CM4AB;AR202108310053
C11CG04401;AR202109030040
79G-05400;AR202109130049
MK2K3NF/A;AR202109150046
MK2L3NF/A;AR202109150047
MK2N3NF/A;AR202109150049
MK473NF/A;AR202109150053
MK4E3NF/A;AR202109150054
3J366NF/A;AR202109150055
MK7M3NF/A;AR202109150056
MM6G3ZM/A;AR202109150058
MM6H3ZM/A;AR202109150059
MM6J3ZM/A;AR202109150060
MLQ93F/A;AR202109150069
MLQD3F/A;AR202109150072
MLQE3F/A;AR202109150073
MLQF3F/A;AR202109150074
MK493NF/A;AR202109150114
MK7P3NF/A;AR202109150125
MK7R3NF/A;AR202109150128
MM6K3ZM/A;AR202109150134
MM6L3ZM/A;AR202109150135
MM6M3ZM/A;AR202109150137
MKU93ZM/A;AR202109150144
MKUQ3ZM/A;AR202109150150
MKUU3ZM/A;AR202109150151
MKUX3ZM/A;AR202109150154
ML2R3ZM/A;AR202109150159
ML323ZM/A;AR202109150166
ML743ZM/A;AR202109150172
ML753ZM/A;AR202109150173
ML8F3ZM/A;AR202109150189
ML8G3ZM/A;AR202109150190
MM6N3ZM/A;AR202109150193
MM6P3ZM/A;AR202109150194
MLWJ3ZM/A;AR202109150207
MKRY3NF/A;AR202109150228
MM0D3ZM/A;AR202109150234
MM0H3ZM/A;AR202109150236
MM103ZM/A;AR202109150243
MM163ZM/A;AR202109150245
MM193ZM/A;AR202109150248
MM1F3ZM/A;AR202109150250
MM1M3ZM/A;AR202109150254
MM1U3ZM/A;AR202109150258
MM1V3ZM/A;AR202109150259
MM203ZM/A;AR202109150262
MM233ZM/A;AR202109150265
MM243ZM/A;AR202109150266
MM253ZM/A;AR202109150267
MM293ZM/A;AR202109150271
MM2A3ZM/A;AR202109150272
MM2C3ZM/A;AR202109150273
MM2D3ZM/A;AR202109150274
MM2E3ZM/A;AR202109150275
MM2G3ZM/A;AR202109150277
MM2J3ZM/A;AR202109150279
MM2L3ZM/A;AR202109150281
MM2N3ZM/A;AR202109150283
MM2P3ZM/A;AR202109150284
MM2W3ZM/A;AR202109150290
MM2X3ZM/A;AR202109150291
MM313ZM/A;AR202109150293
3J836F/A;AR202109150312
MK7T3NF/A;AR202109150318
MK893NF/A;AR202109150321
MLWL3NF/A;AR202109150327
MLWR3NF/A;AR202109150328
MHK33FN/A;AR202109220075
GB-BRI7H-10710;AR202109270013
CT4000MX500SSD1;AR202109270094
SCMR2ZM/A;AR202109280110
SCMT2ZM/A;AR202109280112
3J502F/A;AR202110040082
MKJR3NF/A;AR202110050026
MKJY3NF/A;AR202110050030
3J606ZM/A;AR202110050036
3J599ZM/A;AR202110050037
JD119BST;AR202110070084
WDS240G2G0C;AR202110130036
S9788ZM/A;AR202110150029
S9775ZM/A;AR202110150033
S9703ZM/A;AR202110150034
S9066ZM/A;AR202110150036
S9086ZM/A;AR202110150038
SCM32ZM/A;AR202110150041
MKGP3FN/A;AR202110180109
MKGT3FN/A;AR202110180112
MK183FN/A;AR202110180113
MK1E3FN/A;AR202110180114
MK193FN/A;AR202110180115
MK1F3FN/A;AR202110180116
MK1A3FN/A;AR202110180117
MK1H3FN/A;AR202110180118
MKU63ZM/A;AR202110180120
MLYU3ZM/A;AR202110180121
MLYV3ZM/A;AR202110180122
MM0A3ZM/A;AR202110180123
MME73ZM/A;AR202110190030
MJ2D3F/A;AR202110190065
MJ2C3F/A;AR202110200001
MJ2E3F/A;AR202110200002
SDYP2ZM/A;AR202110200126
MW-410129;AR202110220001
MW-410130;AR202110220002
SE282ZM/A;AR202111150102
WCB007VFWH;AR202111180034
MW-200150;AR202111220025
JBLT510BTBLK;AR202111300080
JBLT510BTROS;AR202111300083
S9732ZM/A;AR202112010024
CCA003BT04BK;AR202112090070
T5D-03485;AR202112160116
MGJ53ZD/A;AR202201130024
MGJ63ZD/A;AR202201130025
MGJ73ZD/A;AR202201130026
MGJ83ZD/A;AR202201130027
MGJ93ZD/A;AR202201130028
MGJA3ZD/A;AR202201130029
MGJE3ZD/A;AR202201130032
MGJF3ZD/A;AR202201130033
MJNM3ZD/A;AR202201130039
MJNP3ZD/A;AR202201130040
MGED3ZD/A;AR202201130055
MLPF3ZD/A;AR202201130060
MLPG3ZD/A;AR202201130061
MLPH3ZD/A;AR202201130062
MLPJ3ZD/A;AR202201130063
MLPK3ZD/A;AR202201130064
MLQ63ZD/A;AR202201130065
MLQ83ZD/A;AR202201130067
MLK23ZD/A;AR202201130077
40AY0090EU;AR202201190004
PA03811-B001;AR202201310065
WCA001VFWH;AR202202090017
OVG004ZZBK;AR202202090020
OVG003ZZBK;AR202202090021
JL808A;AR202202160032
MM6R3NF/A;AR202203090002
MM6T3NF/A;AR202203090003
MM6U3NF/A;AR202203090004
MM6V3NF/A;AR202203090005
MM713NF/A;AR202203090006
MM9C3NF/A;AR202203090010
MM9D3NF/A;AR202203090011
MM9E3NF/A;AR202203090012
MM9L3NF/A;AR202203090014
MM9M3NF/A;AR202203090015
MME23NF/A;AR202203090018
MME93NF/A;AR202203090020
MMED3NF/A;AR202203090021
MJMV3FN/A;AR202203090027
MJMW3FN/A;AR202203090028
MK0Q3FN/A;AR202203090029
MK0U3FN/A;AR202203090030
MMYW3FN/A;AR202203090041
MWP02ZM/A;AR202203090048
MMMP3Z/A;AR202203090051
MNGK3ZD/A;AR202203090054
MNGL3ZD/A;AR202203090056
MMMQ3Z/A;AR202203090059
MNA43ZM/A;AR202203090063
MNA63ZM/A;AR202203090064
MNA73ZM/A;AR202203090066
MMMR3F/A;AR202203090068
MN6E3ZM/A;AR202203090098
MN6F3ZM/A;AR202203090099
MN6G3ZM/A;AR202203090100
MN6H3ZM/A;AR202203090102
MN5X3ZM/A;AR202203090109
MN603ZM/A;AR202203090111
MN643ZM/A;AR202203090114
MN663ZM/A;AR202203090116
MN683ZM/A;AR202203090118
MMXF3ZD/A;AR202203090122
MMXG3ZD/A;AR202203090123
MMXH3ZD/A;AR202203090124
MMXJ3ZD/A;AR202203090125
MMXK3ZD/A;AR202203090127
MMXL3ZD/A;AR202203090128
MMXN3ZD/A;AR202203090130
MMXP3ZD/A;AR202203090131
3K423ZF/A;AR202203090133
3K584ZF/A;AR202203090135
3M9E3NF/A;AR202203090143
C13T06B140;AR202204110009
C13T06B240;AR202204110010
C13T06B340;AR202204110011
C13T06B440;AR202204110013
MN623ZM/A;AR202204110024
809610001;AR202204210057
PD17BXEU;AR202204220035
ST-UCICHS;AR202204250061
ST-UCICHB;AR202204250062
ST-TCSHIPM;AR202204250064
ST-UCMBAM;AR202204250065
MW-410119;AR202204250067
MW-410124;AR202204250069
MW-410125;AR202204250070
R3X85A;AR202205090096
JL812A;AR202205090101
MNWP3ZM/A;AR202206090125
MLXW3FN/A;AR202206090126
MLXX3FN/A;AR202206090127
MLXY3FN/A;AR202206090128
MLY03FN/A;AR202206090129
MLY13FN/A;AR202206090130
MLY23FN/A;AR202206090131
MLY33FN/A;AR202206090132
MLY43FN/A;AR202206090133
MNEH3FN/A;AR202206090134
MNEJ3FN/A;AR202206090135
MNEP3FN/A;AR202206090136
MNEQ3FN/A;AR202206090137
S9865ZM/A;AR202206220035
ST-WMCS2M;AR202206280201
ST-WMCS3M;AR202206280202
ST-TC108WM;AR202206280211
JBLFLIP6BLK;AR202206300019
JBLFLIP6BLU;AR202206300020
JBLFLIP6PINK;AR202206300023
JBLFLIP6RED;AR202206300024
JOBEARINGLIGHT;AR202206300042
CAB009BT2MWH;AR202207070010
R8R44A;AR202207260016
R8R45A;AR202207260019
BNUC11TNKI50002;AR202207270136
D23IPO14BC1BK;AR202208030002
D23IPO14BC1CHB;AR202208030003
D23IPO14BC1NY;AR202208030004
D23IPO14DW5BK;AR202208030005
D23IPO14MBC1BK;AR202208030007
D23IPO14MBC1CHB;AR202208030008
D23IPO14MBC1NY;AR202208030009
D23IPO14MDW5BK;AR202208030010
D23IPO14MDW5NY;AR202208030012
D23IPO14PBC1BK;AR202208030013
D23IPO14PBC1CHB;AR202208030014
D23IPO14PBC1NY;AR202208030015
D23IPO14PDW5BK;AR202208030016
D23IPO14PDW5NY;AR202208030018
D23IPO14PMBC1BK;AR202208030019
D23IPO14PMBC1CHB;AR202208030020
D23IPO14PMBC1NY;AR202208030021
D23IPO14PMDW5BK;AR202208030022
JBLPBENCORE1MICEP;AR202208300021
QD-F1433-CL;AR202208310031
QD-F14M33-CL;AR202208310032
QD-F14P33-CL;AR202208310033
QD-F14PM33-CL;AR202208310034
QD-MS1433F-KCL;AR202208310039
QD-MS14M33F-KCL;AR202208310040
QD-MS14P33F-KCL;AR202208310041
QD-MS14PM33F-KCL;AR202208310042
QD-CL1421-FR;AR202208310055
QD-CL14P21-FR;AR202208310056
WCA005VF1MWH-B5;AR202209010106
WCA005VF1MWH-B6;AR202209010107
WCA005VFWH;AR202209010108
MPL53ZM/A;AR202209080041
MPL93ZM/A;AR202209080046
MPJ23ZM/A;AR202209080066
MPLG3ZM/A;AR202209080069
MQE33ZM/A;AR202209080081
MQE23ZM/A;AR202209080082
MPNY3ZM/A;AR202209080097
MQD83ZM/A;AR202209080098
MPVA3ZD/A;AR202209080099
MPVN3ZD/A;AR202209080100
MPUF3ZD/A;AR202209080101
MPV03ZD/A;AR202209080102
MPUR3ZD/A;AR202209080103
MPWH3ZD/A;AR202209080104
MPWP3ZD/A;AR202209080105
MPVX3ZD/A;AR202209080106
MPWA3ZD/A;AR202209080107
MPW43ZD/A;AR202209080108
MPU13ZM/A;AR202209080114
MPP53ZM/A;AR202209080115
MPP63ZM/A;AR202209080116
MPP43ZM/A;AR202209080117
MPP83ZM/A;AR202209080118
MPP73ZM/A;AR202209080119
MQ513ZD/A;AR202209080120
MQ523ZD/A;AR202209080121
MQ4X3ZD/A;AR202209080122
MQ4Y3ZD/A;AR202209080124
MQ573ZD/A;AR202209080125
MQ583ZD/A;AR202209080126
MQ533ZD/A;AR202209080127
MQ563ZD/A;AR202209080128
MQ553ZD/A;AR202209080129
MPU43ZM/A;AR202209080135
MPPA3ZM/A;AR202209080136
MPPC3ZM/A;AR202209080137
MPP93ZM/A;AR202209080138
MPPF3ZM/A;AR202209080139
MPPD3ZM/A;AR202209080140
MPT63ZM/A;AR202209080141
MPT73ZM/A;AR202209080142
MPT93ZM/A;AR202209080143
MPT83ZM/A;AR202209080144
MPT33ZM/A;AR202209080145
MPT53ZM/A;AR202209080146
MPTC3ZM/A;AR202209080147
MPTD3ZM/A;AR202209080148
MQ0G3ZD/A;AR202209080149
MQ083ZD/A;AR202209080150
MQ023ZD/A;AR202209080151
MPXV3ZD/A;AR202209080152
MQ2G3ZD/A;AR202209080156
MQ1F3ZD/A;AR202209080157
MQ183ZD/A;AR202209080158
MQ103ZD/A;AR202209080159
MQ0T3ZD/A;AR202209080160
MQ293ZD/A;AR202209080161
MQ1W3ZD/A;AR202209080163
MPU63ZM/A;AR202209080165
MPPH3ZM/A;AR202209080166
MPPJ3ZM/A;AR202209080167
MPPG3ZM/A;AR202209080168
MPPL3ZM/A;AR202209080169
MPPK3ZM/A;AR202209080170
MQ9T3ZD/A;AR202209080171
MQ9R3ZD/A;AR202209080172
MQ9Q3ZD/A;AR202209080173
MQ9P3ZD/A;AR202209080174
MQ9X3ZD/A;AR202209080179
MQ9W3ZD/A;AR202209080180
MQ9V3ZD/A;AR202209080181
MQ9U3ZD/A;AR202209080182
MQAM3ZD/A;AR202209080183
MQAJ3ZD/A;AR202209080184
MQAF3ZD/A;AR202209080186
MPU73ZM/A;AR202209080187
MPPN3ZM/A;AR202209080188
MPPP3ZM/A;AR202209080189
MPPM3ZM/A;AR202209080190
MPPR3ZM/A;AR202209080191
MPPQ3ZM/A;AR202209080192
MPTR3ZM/A;AR202209080193
MPTT3ZM/A;AR202209080194
MPTX3ZM/A;AR202209080195
MPTW3ZM/A;AR202209080196
MPTP3ZM/A;AR202209080197
MPTQ3ZM/A;AR202209080198
MPTY3ZM/A;AR202209080199
MPU03ZM/A;AR202209080200
MPTG3ZM/A;AR202209080201
MPTH3ZM/A;AR202209080202
MPTK3ZM/A;AR202209080203
MPTJ3ZM/A;AR202209080204
MPTE3ZM/A;AR202209080205
MPTF3ZM/A;AR202209080206
MPTL3ZM/A;AR202209080207
MPTM3ZM/A;AR202209080208
MPRW3ZM/A;AR202209080209
MPRX3ZM/A;AR202209080210
MPT03ZM/A;AR202209080211
MPRY3ZM/A;AR202209080212
MPRU3ZM/A;AR202209080213
MPRV3ZM/A;AR202209080214
MPT13ZM/A;AR202209080215
MPT23ZM/A;AR202209080216
MNPL3NF/A;AR202209080221
MNPP3NF/A;AR202209080222
MNPH3NF/A;AR202209080223
MNPY3NF/A;AR202209080224
MNQ23NF/A;AR202209080225
MNPT3NF/A;AR202209080226
MNJT3NF/A;AR202209080227
MNJV3NF/A;AR202209080228
MNJP3NF/A;AR202209080229
MNK03NF/A;AR202209080230
MNK23NF/A;AR202209080231
MNJX3NF/A;AR202209080232
MNJ23NF/A;AR202209080233
MNHV3NF/A;AR202209080238
MP4A3NF/A;AR202209080239
MNHY3NF/A;AR202209080242
MNKA3NF/A;AR202209080243
MNKX3NF/A;AR202209080246
MNK43NF/A;AR202209080248
MP4J3NF/A;AR202209080249
MNKJ3NF/A;AR202209080250
MNK73NF/A;AR202209080252
MNP73NF/A;AR202209080253
MNP53NF/A;AR202209080254
MP6K3NF/A;AR202209080255
MNP63NF/A;AR202209080256
MNP43NF/A;AR202209080257
MNP13NF/A;AR202209080258
MP6N3NF/A;AR202209080259
MNP23NF/A;AR202209080260
MQFX3NF/A;AR202209080261
MQFW3NF/A;AR202209080262
MQFV3NF/A;AR202209080263
MQFN3NF/A;AR202209080266
MQFK3NF/A;AR202209080268
MQFL3NF/A;AR202209080270
MQFR3NF/A;AR202209080273
MQFU3NF/A;AR202209080277
3J607ZM/A;AR202209080321
3K590F/A;AR202209080322
3K596F/A;AR202209080323
3K639F/A;AR202209080324
3K763F/A;AR202209080325
3K786F/A;AR202209080326
3K789F/A;AR202209080327
3K917F/A;AR202209080328
3K926ZM/A;AR202209080329
3K929ZM/A;AR202209080330
3L362ZM/A;AR202209080331
3L214ZF/A;AR202209090012
3L220ZF/A;AR202209090013
3L318ZF/A;AR202209090015
3L232ZF/A;AR202209090017
3L238ZF/A;AR202209090018
3L244ZF/A;AR202209090019
3L315ZF/A;AR202209090020
3L280ZF/A;AR202209090024
3L282ZF/A;AR202209090027
WCH013VFWH;AR202209150006
WCH011VFWH;AR202210120024
MPQ03NF/A;AR202210190001
MPQ13NF/A;AR202210190002
MPQ23NF/A;AR202210190003
MPQ33NF/A;AR202210190004
MPQ83NF/A;AR202210190005
MPQ93NF/A;AR202210190006
MPQA3NF/A;AR202210190007
MPQC3NF/A;AR202210190008
MQ6J3NF/A;AR202210190010
MQ6K3NF/A;AR202210190011
MQ6L3NF/A;AR202210190012
MQ6M3NF/A;AR202210190013
MQ6T3NF/A;AR202210190014
MQ6U3NF/A;AR202210190015
MQ6V3NF/A;AR202210190016
MQ6W3NF/A;AR202210190017
MNXD3NF/A;AR202210190021
MNXF3NF/A;AR202210190024
MNXH3NF/A;AR202210190028
MNXP3NF/A;AR202210190038
MNXR3NF/A;AR202210190041
MNXU3NF/A;AR202210190043
MNXY3NF/A;AR202210190047
MNYC3NF/A;AR202210190049
MNYE3NF/A;AR202210190052
MNYF3NF/A;AR202210190053
MP1X3NF/A;AR202210190062
MP203NF/A;AR202210190064
MP213NF/A;AR202210190065
MN873FD/A;AR202210190073
MN893FD/A;AR202210190074
MNC73Z/A;AR202210190075
MQDP3F/A;AR202210190079
MQKJ3ZM/A;AR202210190082
MQLU3ZM/A;AR202210190083
MQLY3ZM/A;AR202210190084
3L204NF/A;AR202210190086
3L206NF/A;AR202210190139
3K904NF/A;AR202210190144
STLP1000400;AR202210240020
STLP2000400;AR202210240021
XUB2494HSU-B2;AR202211290011
R9861612EUB1;AR202212210042
W1490X;AR202212290007
5WS1K04203;AR202301060027
21E60058FR;AR202301160065
MMFJ3FN/A;AR202301180048
MMFK3FN/A;AR202301180049
MNH73FN/A;AR202301180051
MNW83FN/A;AR202301180052
MNW93FN/A;AR202301180053
MNWA3FN/A;AR202301180054
MNWC3FN/A;AR202301180055
MNWD3FN/A;AR202301180056
MPHE3FN/A;AR202301180058
MPHF3FN/A;AR202301180059
MPHG3FN/A;AR202301180060
MPHH3FN/A;AR202301180061
MPHJ3FN/A;AR202301180062
21E30054FR;AR202301190041
MQJ73ZD/A;AR202301190063
MQJ83ZD/A;AR202301190064
SGQQ2ZM/A;AR202301240052
WIZ016VFWH;AR202302010069
WIZ016VFBK;AR202302010070
OVG004ZZCL;AR202302010074
OVG003ZZCL;AR202302010075
MMA006BTWH;AR202302010076
BPD004BTWT;AR202302010078
AUZ005BTBK;AR202302010080
MR3Y3ZD/A;AR202303070163
WIZ017VFBK;AR202303200033
WIZ017VFWH;AR202303200038
62B6MAT3EU;AR202303280037
MW-410126;AR202303280082
LS27A60PUUUXEN;AR202304030174
